venue,batting_team,bowling_team,chase_win
Arun Jaitley Stadium,Chennai Super Kings,Delhi Capitals,0.7142857142857143
Arun Jaitley Stadium,Chennai Super Kings,Sunrisers Hyderabad,1.0
Arun Jaitley Stadium,Delhi Capitals,Chennai Super Kings,0.0
Arun Jaitley Stadium,Delhi Capitals,Kolkata Knight Riders,1.0
Arun Jaitley Stadium,Delhi Capitals,Mumbai Indians,0.0
Arun Jaitley Stadium,Delhi Capitals,Punjab Kings,0.3333333333333333
Arun Jaitley Stadium,Delhi Capitals,Rajasthan Royals,1.0
Arun Jaitley Stadium,Delhi Capitals,Royal Challengers Bangalore,1.0
Arun Jaitley Stadium,Delhi Capitals,Sunrisers Hyderabad,0.0
Arun Jaitley Stadium,Gujarat Lions,Delhi Capitals,0.5
Arun Jaitley Stadium,Gujarat Titans,Delhi Capitals,0.5
Arun Jaitley Stadium,Kochi Tuskers Kerala,Delhi Capitals,1.0
Arun Jaitley Stadium,Kolkata Knight Riders,Delhi Capitals,0.625
Arun Jaitley Stadium,Kolkata Knight Riders,Sunrisers Hyderabad,0.0
Arun Jaitley Stadium,Lucknow Super Giants,Delhi Capitals,0.0
Arun Jaitley Stadium,Mumbai Indians,Chennai Super Kings,0.5
Arun Jaitley Stadium,Mumbai Indians,Delhi Capitals,0.36363636363636365
Arun Jaitley Stadium,Mumbai Indians,Rajasthan Royals,1.0
Arun Jaitley Stadium,Pune Warriors,Delhi Capitals,0.5
Arun Jaitley Stadium,Punjab Kings,Delhi Capitals,0.4444444444444444
Arun Jaitley Stadium,Rajasthan Royals,Delhi Capitals,0.375
Arun Jaitley Stadium,Rising Pune Supergiants,Delhi Capitals,0.5
Arun Jaitley Stadium,Royal Challengers Bangalore,Delhi Capitals,0.6666666666666666
Arun Jaitley Stadium,Sunrisers Hyderabad,Delhi Capitals,0.6666666666666666
Arun Jaitley Stadium,Sunrisers Hyderabad,Gujarat Lions,1.0
Arun Jaitley Stadium,Sunrisers Hyderabad,Rajasthan Royals,0.0
Barabati Stadium,Chennai Super Kings,Punjab Kings,0.0
Barabati Stadium,Delhi Capitals,Sunrisers Hyderabad,0.0
Barabati Stadium,Kolkata Knight Riders,Punjab Kings,1.0
Barabati Stadium,Kolkata Knight Riders,Sunrisers Hyderabad,1.0
Barabati Stadium,Mumbai Indians,Kolkata Knight Riders,0.0
Barabati Stadium,Pune Warriors,Sunrisers Hyderabad,0.0
Barabati Stadium,Punjab Kings,Sunrisers Hyderabad,0.0
"Barsapara Cricket Stadium, Guwahati",Delhi Capitals,Rajasthan Royals,0.0
"Barsapara Cricket Stadium, Guwahati",Punjab Kings,Rajasthan Royals,1.0
"Barsapara Cricket Stadium, Guwahati",Rajasthan Royals,Punjab Kings,0.0
"Bharat Ratna Shri Atal Bihari Vajpayee Ekana Cricket Stadium, Lucknow",Chennai Super Kings,Lucknow Super Giants,0.0
"Bharat Ratna Shri Atal Bihari Vajpayee Ekana Cricket Stadium, Lucknow",Delhi Capitals,Lucknow Super Giants,0.5
"Bharat Ratna Shri Atal Bihari Vajpayee Ekana Cricket Stadium, Lucknow",Gujarat Titans,Lucknow Super Giants,0.0
"Bharat Ratna Shri Atal Bihari Vajpayee Ekana Cricket Stadium, Lucknow",Lucknow Super Giants,Chennai Super Kings,1.0
"Bharat Ratna Shri Atal Bihari Vajpayee Ekana Cricket Stadium, Lucknow",Lucknow Super Giants,Gujarat Titans,0.0
"Bharat Ratna Shri Atal Bihari Vajpayee Ekana Cricket Stadium, Lucknow",Lucknow Super Giants,Kolkata Knight Riders,0.0
"Bharat Ratna Shri Atal Bihari Vajpayee Ekana Cricket Stadium, Lucknow",Lucknow Super Giants,Mumbai Indians,1.0
"Bharat Ratna Shri Atal Bihari Vajpayee Ekana Cricket Stadium, Lucknow",Lucknow Super Giants,Royal Challengers Bangalore,0.0
"Bharat Ratna Shri Atal Bihari Vajpayee Ekana Cricket Stadium, Lucknow",Lucknow Super Giants,Sunrisers Hyderabad,1.0
"Bharat Ratna Shri Atal Bihari Vajpayee Ekana Cricket Stadium, Lucknow",Mumbai Indians,Lucknow Super Giants,0.0
"Bharat Ratna Shri Atal Bihari Vajpayee Ekana Cricket Stadium, Lucknow",Punjab Kings,Lucknow Super Giants,0.5
"Bharat Ratna Shri Atal Bihari Vajpayee Ekana Cricket Stadium, Lucknow",Rajasthan Royals,Lucknow Super Giants,1.0
Brabourne Stadium,Chennai Super Kings,Punjab Kings,0.0
Brabourne Stadium,Delhi Capitals,Mumbai Indians,0.5
Brabourne Stadium,Delhi Capitals,Punjab Kings,1.0
Brabourne Stadium,Delhi Capitals,Rajasthan Royals,0.0
Brabourne Stadium,Gujarat Titans,Mumbai Indians,0.0
Brabourne Stadium,Gujarat Titans,Punjab Kings,1.0
Brabourne Stadium,Gujarat Titans,Royal Challengers Bangalore,1.0
Brabourne Stadium,Kolkata Knight Riders,Delhi Capitals,0.0
Brabourne Stadium,Kolkata Knight Riders,Mumbai Indians,0.0
Brabourne Stadium,Kolkata Knight Riders,Rajasthan Royals,0.0
Brabourne Stadium,Lucknow Super Giants,Chennai Super Kings,1.0
Brabourne Stadium,Lucknow Super Giants,Rajasthan Royals,0.0
Brabourne Stadium,Mumbai Indians,Chennai Super Kings,0.5
Brabourne Stadium,Mumbai Indians,Lucknow Super Giants,0.0
Brabourne Stadium,Punjab Kings,Mumbai Indians,0.0
Brabourne Stadium,Rajasthan Royals,Chennai Super Kings,1.0
Brabourne Stadium,Rajasthan Royals,Mumbai Indians,0.0
Brabourne Stadium,Royal Challengers Bangalore,Mumbai Indians,1.0
Brabourne Stadium,Royal Challengers Bangalore,Punjab Kings,0.0
Brabourne Stadium,Sunrisers Hyderabad,Delhi Capitals,0.0
Brabourne Stadium,Sunrisers Hyderabad,Kolkata Knight Riders,1.0
Brabourne Stadium,Sunrisers Hyderabad,Mumbai Indians,0.0
Brabourne Stadium,Sunrisers Hyderabad,Rajasthan Royals,1.0
Brabourne Stadium,Sunrisers Hyderabad,Royal Challengers Bangalore,1.0
Buffalo Park,Mumbai Indians,Delhi Capitals,0.0
Buffalo Park,Mumbai Indians,Kolkata Knight Riders,1.0
Buffalo Park,Sunrisers Hyderabad,Chennai Super Kings,0.0
De Beers Diamond Oval,Punjab Kings,Sunrisers Hyderabad,1.0
De Beers Diamond Oval,Rajasthan Royals,Chennai Super Kings,0.0
De Beers Diamond Oval,Rajasthan Royals,Sunrisers Hyderabad,0.0
Dr DY Patil Sports Academy,Chennai Super Kings,Mumbai Indians,1.0
Dr DY Patil Sports Academy,Chennai Super Kings,Pune Warriors,1.0
Dr DY Patil Sports Academy,Delhi Capitals,Chennai Super Kings,0.0
Dr DY Patil Sports Academy,Delhi Capitals,Mumbai Indians,0.0
Dr DY Patil Sports Academy,Delhi Capitals,Pune Warriors,1.0
Dr DY Patil Sports Academy,Delhi Capitals,Rajasthan Royals,1.0
Dr DY Patil Sports Academy,Kochi Tuskers Kerala,Pune Warriors,0.0
Dr DY Patil Sports Academy,Kolkata Knight Riders,Gujarat Titans,0.0
Dr DY Patil Sports Academy,Kolkata Knight Riders,Lucknow Super Giants,0.0
Dr DY Patil Sports Academy,Kolkata Knight Riders,Pune Warriors,1.0
Dr DY Patil Sports Academy,Kolkata Knight Riders,Sunrisers Hyderabad,1.0
Dr DY Patil Sports Academy,Lucknow Super Giants,Delhi Capitals,1.0
Dr DY Patil Sports Academy,Lucknow Super Giants,Royal Challengers Bangalore,0.0
Dr DY Patil Sports Academy,Mumbai Indians,Chennai Super Kings,0.0
Dr DY Patil Sports Academy,Mumbai Indians,Kolkata Knight Riders,0.0
Dr DY Patil Sports Academy,Mumbai Indians,Pune Warriors,1.0
Dr DY Patil Sports Academy,Mumbai Indians,Rajasthan Royals,0.5
Dr DY Patil Sports Academy,Mumbai Indians,Royal Challengers Bangalore,1.0
Dr DY Patil Sports Academy,Mumbai Indians,Sunrisers Hyderabad,1.0
Dr DY Patil Sports Academy,Punjab Kings,Delhi Capitals,0.0
Dr DY Patil Sports Academy,Punjab Kings,Gujarat Titans,1.0
Dr DY Patil Sports Academy,Punjab Kings,Pune Warriors,0.0
Dr DY Patil Sports Academy,Punjab Kings,Royal Challengers Bangalore,1.0
Dr DY Patil Sports Academy,Rajasthan Royals,Chennai Super Kings,1.0
Dr DY Patil Sports Academy,Rajasthan Royals,Gujarat Titans,0.0
Dr DY Patil Sports Academy,Rajasthan Royals,Mumbai Indians,0.0
Dr DY Patil Sports Academy,Royal Challengers Bangalore,Chennai Super Kings,0.0
Dr DY Patil Sports Academy,Royal Challengers Bangalore,Kolkata Knight Riders,1.0
Dr DY Patil Sports Academy,Sunrisers Hyderabad,Chennai Super Kings,0.5
Dr DY Patil Sports Academy,Sunrisers Hyderabad,Gujarat Titans,1.0
Dr DY Patil Sports Academy,Sunrisers Hyderabad,Lucknow Super Giants,0.0
Dr DY Patil Sports Academy,Sunrisers Hyderabad,Mumbai Indians,1.0
Dr DY Patil Sports Academy,Sunrisers Hyderabad,Pune Warriors,1.0
Dr DY Patil Sports Academy,Sunrisers Hyderabad,Punjab Kings,1.0
Dr DY Patil Sports Academy,Sunrisers Hyderabad,Royal Challengers Bangalore,0.0
Dr. Y.S. Rajasekhara Reddy ACA-VDCA Cricket Stadium,Chennai Super Kings,Delhi Capitals,1.0
Dr. Y.S. Rajasekhara Reddy ACA-VDCA Cricket Stadium,Chennai Super Kings,Sunrisers Hyderabad,1.0
Dr. Y.S. Rajasekhara Reddy ACA-VDCA Cricket Stadium,Delhi Capitals,Mumbai Indians,0.0
Dr. Y.S. Rajasekhara Reddy ACA-VDCA Cricket Stadium,Delhi Capitals,Rising Pune Supergiants,0.0
Dr. Y.S. Rajasekhara Reddy ACA-VDCA Cricket Stadium,Delhi Capitals,Sunrisers Hyderabad,1.0
Dr. Y.S. Rajasekhara Reddy ACA-VDCA Cricket Stadium,Kolkata Knight Riders,Sunrisers Hyderabad,0.0
Dr. Y.S. Rajasekhara Reddy ACA-VDCA Cricket Stadium,Mumbai Indians,Sunrisers Hyderabad,1.0
Dr. Y.S. Rajasekhara Reddy ACA-VDCA Cricket Stadium,Punjab Kings,Mumbai Indians,1.0
Dr. Y.S. Rajasekhara Reddy ACA-VDCA Cricket Stadium,Punjab Kings,Rising Pune Supergiants,0.0
Dr. Y.S. Rajasekhara Reddy ACA-VDCA Cricket Stadium,Rajasthan Royals,Sunrisers Hyderabad,1.0
Dr. Y.S. Rajasekhara Reddy ACA-VDCA Cricket Stadium,Sunrisers Hyderabad,Mumbai Indians,1.0
Dr. Y.S. Rajasekhara Reddy ACA-VDCA Cricket Stadium,Sunrisers Hyderabad,Rising Pune Supergiants,1.0
"Dr. Y.S. Rajasekhara Reddy ACA-VDCA Cricket Stadium, Visakhapatnam",Chennai Super Kings,Delhi Capitals,0.0
"Dr. Y.S. Rajasekhara Reddy ACA-VDCA Cricket Stadium, Visakhapatnam",Delhi Capitals,Kolkata Knight Riders,0.0
Dubai International Cricket Stadium,Chennai Super Kings,Delhi Capitals,0.5
Dubai International Cricket Stadium,Chennai Super Kings,Kolkata Knight Riders,1.0
Dubai International Cricket Stadium,Chennai Super Kings,Punjab Kings,1.0
Dubai International Cricket Stadium,Chennai Super Kings,Rajasthan Royals,1.0
Dubai International Cricket Stadium,Chennai Super Kings,Royal Challengers Bangalore,0.5
Dubai International Cricket Stadium,Chennai Super Kings,Sunrisers Hyderabad,0.0
Dubai International Cricket Stadium,Delhi Capitals,Chennai Super Kings,1.0
Dubai International Cricket Stadium,Delhi Capitals,Kolkata Knight Riders,1.0
Dubai International Cricket Stadium,Delhi Capitals,Mumbai Indians,0.0
Dubai International Cricket Stadium,Delhi Capitals,Sunrisers Hyderabad,0.3333333333333333
Dubai International Cricket Stadium,Kolkata Knight Riders,Chennai Super Kings,0.0
Dubai International Cricket Stadium,Kolkata Knight Riders,Sunrisers Hyderabad,1.0
Dubai International Cricket Stadium,Mumbai Indians,Chennai Super Kings,0.0
Dubai International Cricket Stadium,Mumbai Indians,Delhi Capitals,1.0
Dubai International Cricket Stadium,Mumbai Indians,Royal Challengers Bangalore,0.0
Dubai International Cricket Stadium,Punjab Kings,Chennai Super Kings,1.0
Dubai International Cricket Stadium,Punjab Kings,Delhi Capitals,0.5
Dubai International Cricket Stadium,Punjab Kings,Kolkata Knight Riders,1.0
Dubai International Cricket Stadium,Punjab Kings,Mumbai Indians,1.0
Dubai International Cricket Stadium,Punjab Kings,Rajasthan Royals,0.0
Dubai International Cricket Stadium,Punjab Kings,Sunrisers Hyderabad,0.0
Dubai International Cricket Stadium,Rajasthan Royals,Delhi Capitals,0.0
Dubai International Cricket Stadium,Rajasthan Royals,Kolkata Knight Riders,0.0
Dubai International Cricket Stadium,Rajasthan Royals,Sunrisers Hyderabad,1.0
Dubai International Cricket Stadium,Royal Challengers Bangalore,Delhi Capitals,0.5
Dubai International Cricket Stadium,Royal Challengers Bangalore,Punjab Kings,0.0
Dubai International Cricket Stadium,Royal Challengers Bangalore,Rajasthan Royals,1.0
Dubai International Cricket Stadium,Sunrisers Hyderabad,Chennai Super Kings,0.0
Dubai International Cricket Stadium,Sunrisers Hyderabad,Mumbai Indians,1.0
Dubai International Cricket Stadium,Sunrisers Hyderabad,Punjab Kings,0.0
Dubai International Cricket Stadium,Sunrisers Hyderabad,Rajasthan Royals,1.0
Dubai International Cricket Stadium,Sunrisers Hyderabad,Royal Challengers Bangalore,0.0
Eden Gardens,Chennai Super Kings,Kolkata Knight Riders,0.625
Eden Gardens,Chennai Super Kings,Mumbai Indians,0.0
Eden Gardens,Delhi Capitals,Kolkata Knight Riders,0.2222222222222222
Eden Gardens,Gujarat Lions,Kolkata Knight Riders,1.0
Eden Gardens,Gujarat Titans,Kolkata Knight Riders,1.0
Eden Gardens,Gujarat Titans,Rajasthan Royals,1.0
Eden Gardens,Kochi Tuskers Kerala,Kolkata Knight Riders,1.0
Eden Gardens,Kolkata Knight Riders,Chennai Super Kings,0.5
Eden Gardens,Kolkata Knight Riders,Delhi Capitals,1.0
Eden Gardens,Kolkata Knight Riders,Lucknow Super Giants,0.5
Eden Gardens,Kolkata Knight Riders,Mumbai Indians,0.0
Eden Gardens,Kolkata Knight Riders,Punjab Kings,1.0
Eden Gardens,Kolkata Knight Riders,Rajasthan Royals,1.0
Eden Gardens,Kolkata Knight Riders,Royal Challengers Bangalore,0.5
Eden Gardens,Kolkata Knight Riders,Sunrisers Hyderabad,0.3333333333333333
Eden Gardens,Lucknow Super Giants,Royal Challengers Bangalore,0.0
Eden Gardens,Mumbai Indians,Chennai Super Kings,1.0
Eden Gardens,Mumbai Indians,Kolkata Knight Riders,0.6
Eden Gardens,Pune Warriors,Kolkata Knight Riders,0.0
Eden Gardens,Punjab Kings,Kolkata Knight Riders,0.36363636363636365
Eden Gardens,Rajasthan Royals,Kolkata Knight Riders,0.4444444444444444
Eden Gardens,Rajasthan Royals,Mumbai Indians,0.0
Eden Gardens,Rising Pune Supergiants,Kolkata Knight Riders,0.5
Eden Gardens,Royal Challengers Bangalore,Kolkata Knight Riders,0.3
Eden Gardens,Sunrisers Hyderabad,Kolkata Knight Riders,0.1
Green Park,Delhi Capitals,Gujarat Lions,1.0
Green Park,Kolkata Knight Riders,Gujarat Lions,0.0
Green Park,Mumbai Indians,Gujarat Lions,0.0
Green Park,Sunrisers Hyderabad,Gujarat Lions,1.0
Himachal Pradesh Cricket Association Stadium,Chennai Super Kings,Punjab Kings,0.5
Himachal Pradesh Cricket Association Stadium,Delhi Capitals,Punjab Kings,0.3333333333333333
Himachal Pradesh Cricket Association Stadium,Mumbai Indians,Punjab Kings,0.0
Himachal Pradesh Cricket Association Stadium,Royal Challengers Bangalore,Punjab Kings,0.0
Himachal Pradesh Cricket Association Stadium,Sunrisers Hyderabad,Punjab Kings,1.0
"Himachal Pradesh Cricket Association Stadium, Dharamsala",Punjab Kings,Chennai Super Kings,0.0
"Himachal Pradesh Cricket Association Stadium, Dharamsala",Punjab Kings,Delhi Capitals,0.0
"Himachal Pradesh Cricket Association Stadium, Dharamsala",Punjab Kings,Royal Challengers Bangalore,0.0
"Himachal Pradesh Cricket Association Stadium, Dharamsala",Rajasthan Royals,Punjab Kings,1.0
Holkar Cricket Stadium,Mumbai Indians,Punjab Kings,1.0
Holkar Cricket Stadium,Punjab Kings,Kochi Tuskers Kerala,1.0
Holkar Cricket Stadium,Punjab Kings,Kolkata Knight Riders,0.0
Holkar Cricket Stadium,Punjab Kings,Rajasthan Royals,1.0
Holkar Cricket Stadium,Rajasthan Royals,Kochi Tuskers Kerala,0.0
Holkar Cricket Stadium,Rising Pune Supergiants,Punjab Kings,0.0
Holkar Cricket Stadium,Royal Challengers Bangalore,Punjab Kings,0.5
JSCA International Stadium Complex,Kolkata Knight Riders,Chennai Super Kings,0.0
JSCA International Stadium Complex,Pune Warriors,Kolkata Knight Riders,1.0
JSCA International Stadium Complex,Rajasthan Royals,Chennai Super Kings,0.0
JSCA International Stadium Complex,Royal Challengers Bangalore,Chennai Super Kings,0.5
JSCA International Stadium Complex,Royal Challengers Bangalore,Kolkata Knight Riders,0.0
JSCA International Stadium Complex,Sunrisers Hyderabad,Chennai Super Kings,1.0
Kingsmead,Chennai Super Kings,Royal Challengers Bangalore,0.0
Kingsmead,Delhi Capitals,Chennai Super Kings,1.0
Kingsmead,Delhi Capitals,Sunrisers Hyderabad,1.0
Kingsmead,Kolkata Knight Riders,Delhi Capitals,0.0
Kingsmead,Kolkata Knight Riders,Punjab Kings,1.0
Kingsmead,Kolkata Knight Riders,Royal Challengers Bangalore,0.0
Kingsmead,Mumbai Indians,Punjab Kings,0.0
Kingsmead,Mumbai Indians,Sunrisers Hyderabad,0.0
Kingsmead,Punjab Kings,Chennai Super Kings,0.0
Kingsmead,Punjab Kings,Royal Challengers Bangalore,0.5
Kingsmead,Rajasthan Royals,Kolkata Knight Riders,0.0
Kingsmead,Rajasthan Royals,Mumbai Indians,1.0
Kingsmead,Rajasthan Royals,Punjab Kings,1.0
Kingsmead,Sunrisers Hyderabad,Chennai Super Kings,1.0
M Chinnaswamy Stadium,Chennai Super Kings,Royal Challengers Bangalore,0.4444444444444444
M Chinnaswamy Stadium,Delhi Capitals,Royal Challengers Bangalore,0.36363636363636365
M Chinnaswamy Stadium,Gujarat Lions,Royal Challengers Bangalore,0.5
M Chinnaswamy Stadium,Gujarat Titans,Royal Challengers Bangalore,1.0
M Chinnaswamy Stadium,Kochi Tuskers Kerala,Royal Challengers Bangalore,0.0
M Chinnaswamy Stadium,Kolkata Knight Riders,Mumbai Indians,0.0
M Chinnaswamy Stadium,Kolkata Knight Riders,Royal Challengers Bangalore,0.6363636363636364
M Chinnaswamy Stadium,Kolkata Knight Riders,Sunrisers Hyderabad,1.0
M Chinnaswamy Stadium,Lucknow Super Giants,Royal Challengers Bangalore,1.0
M Chinnaswamy Stadium,Mumbai Indians,Chennai Super Kings,0.0
M Chinnaswamy Stadium,Mumbai Indians,Royal Challengers Bangalore,0.7777777777777778
M Chinnaswamy Stadium,Pune Warriors,Royal Challengers Bangalore,0.0
M Chinnaswamy Stadium,Punjab Kings,Kolkata Knight Riders,0.0
M Chinnaswamy Stadium,Punjab Kings,Royal Challengers Bangalore,0.5
M Chinnaswamy Stadium,Rajasthan Royals,Royal Challengers Bangalore,0.375
M Chinnaswamy Stadium,Rising Pune Supergiants,Royal Challengers Bangalore,0.5
M Chinnaswamy Stadium,Royal Challengers Bangalore,Chennai Super Kings,0.0
M Chinnaswamy Stadium,Royal Challengers Bangalore,Delhi Capitals,1.0
M Chinnaswamy Stadium,Royal Challengers Bangalore,Gujarat Lions,1.0
M Chinnaswamy Stadium,Royal Challengers Bangalore,Gujarat Titans,1.0
M Chinnaswamy Stadium,Royal Challengers Bangalore,Kolkata Knight Riders,0.0
M Chinnaswamy Stadium,Royal Challengers Bangalore,Lucknow Super Giants,0.0
M Chinnaswamy Stadium,Royal Challengers Bangalore,Mumbai Indians,0.5
M Chinnaswamy Stadium,Royal Challengers Bangalore,Punjab Kings,1.0
M Chinnaswamy Stadium,Royal Challengers Bangalore,Rajasthan Royals,0.0
M Chinnaswamy Stadium,Royal Challengers Bangalore,Sunrisers Hyderabad,0.5
M Chinnaswamy Stadium,Sunrisers Hyderabad,Royal Challengers Bangalore,0.3333333333333333
MA Chidambaram Stadium,Chennai Super Kings,Delhi Capitals,1.0
MA Chidambaram Stadium,Chennai Super Kings,Kolkata Knight Riders,0.75
MA Chidambaram Stadium,Chennai Super Kings,Mumbai Indians,0.5
MA Chidambaram Stadium,Chennai Super Kings,Rajasthan Royals,0.5
MA Chidambaram Stadium,Chennai Super Kings,Royal Challengers Bangalore,1.0
MA Chidambaram Stadium,Chennai Super Kings,Sunrisers Hyderabad,1.0
MA Chidambaram Stadium,Delhi Capitals,Chennai Super Kings,0.25
MA Chidambaram Stadium,Delhi Capitals,Mumbai Indians,1.0
MA Chidambaram Stadium,Gujarat Titans,Chennai Super Kings,0.0
MA Chidambaram Stadium,Kochi Tuskers Kerala,Chennai Super Kings,0.0
MA Chidambaram Stadium,Kolkata Knight Riders,Chennai Super Kings,0.2857142857142857
MA Chidambaram Stadium,Kolkata Knight Riders,Mumbai Indians,0.0
MA Chidambaram Stadium,Kolkata Knight Riders,Royal Challengers Bangalore,0.0
MA Chidambaram Stadium,Kolkata Knight Riders,Sunrisers Hyderabad,1.0
MA Chidambaram Stadium,Lucknow Super Giants,Chennai Super Kings,0.5
MA Chidambaram Stadium,Lucknow Super Giants,Mumbai Indians,0.0
MA Chidambaram Stadium,Mumbai Indians,Chennai Super Kings,0.6666666666666666
MA Chidambaram Stadium,Mumbai Indians,Royal Challengers Bangalore,0.0
MA Chidambaram Stadium,Pune Warriors,Chennai Super Kings,0.3333333333333333
MA Chidambaram Stadium,Punjab Kings,Chennai Super Kings,0.5
MA Chidambaram Stadium,Punjab Kings,Mumbai Indians,1.0
MA Chidambaram Stadium,Rajasthan Royals,Chennai Super Kings,0.14285714285714285
MA Chidambaram Stadium,Rajasthan Royals,Sunrisers Hyderabad,0.0
MA Chidambaram Stadium,Royal Challengers Bangalore,Chennai Super Kings,0.14285714285714285
MA Chidambaram Stadium,Royal Challengers Bangalore,Mumbai Indians,1.0
MA Chidambaram Stadium,Sunrisers Hyderabad,Chennai Super Kings,0.2857142857142857
MA Chidambaram Stadium,Sunrisers Hyderabad,Delhi Capitals,0.0
MA Chidambaram Stadium,Sunrisers Hyderabad,Kolkata Knight Riders,0.0
MA Chidambaram Stadium,Sunrisers Hyderabad,Mumbai Indians,0.0
MA Chidambaram Stadium,Sunrisers Hyderabad,Punjab Kings,1.0
MA Chidambaram Stadium,Sunrisers Hyderabad,Royal Challengers Bangalore,0.0
"Maharaja Yadavindra Singh International Cricket Stadium, Mullanpur",Gujarat Titans,Punjab Kings,1.0
"Maharaja Yadavindra Singh International Cricket Stadium, Mullanpur",Punjab Kings,Delhi Capitals,1.0
"Maharaja Yadavindra Singh International Cricket Stadium, Mullanpur",Punjab Kings,Mumbai Indians,0.0
"Maharaja Yadavindra Singh International Cricket Stadium, Mullanpur",Punjab Kings,Sunrisers Hyderabad,0.0
"Maharaja Yadavindra Singh International Cricket Stadium, Mullanpur",Rajasthan Royals,Punjab Kings,1.0
Maharashtra Cricket Association Stadium,Chennai Super Kings,Punjab Kings,1.0
Maharashtra Cricket Association Stadium,Chennai Super Kings,Royal Challengers Bangalore,1.0
Maharashtra Cricket Association Stadium,Chennai Super Kings,Sunrisers Hyderabad,1.0
Maharashtra Cricket Association Stadium,Delhi Capitals,Chennai Super Kings,0.0
Maharashtra Cricket Association Stadium,Delhi Capitals,Punjab Kings,1.0
Maharashtra Cricket Association Stadium,Delhi Capitals,Rising Pune Supergiants,1.0
Maharashtra Cricket Association Stadium,Gujarat Lions,Rising Pune Supergiants,0.5
Maharashtra Cricket Association Stadium,Kolkata Knight Riders,Punjab Kings,1.0
Maharashtra Cricket Association Stadium,Kolkata Knight Riders,Rising Pune Supergiants,1.0
Maharashtra Cricket Association Stadium,Mumbai Indians,Chennai Super Kings,1.0
Maharashtra Cricket Association Stadium,Mumbai Indians,Rising Pune Supergiants,0.5
Maharashtra Cricket Association Stadium,Punjab Kings,Rising Pune Supergiants,0.0
Maharashtra Cricket Association Stadium,Rajasthan Royals,Chennai Super Kings,0.0
Maharashtra Cricket Association Stadium,Rajasthan Royals,Punjab Kings,1.0
Maharashtra Cricket Association Stadium,Rajasthan Royals,Royal Challengers Bangalore,0.0
Maharashtra Cricket Association Stadium,Royal Challengers Bangalore,Rising Pune Supergiants,0.5
Maharashtra Cricket Association Stadium,Sunrisers Hyderabad,Pune Warriors,1.0
Maharashtra Cricket Association Stadium,Sunrisers Hyderabad,Rising Pune Supergiants,0.0
"Maharashtra Cricket Association Stadium, Pune",Chennai Super Kings,Royal Challengers Bangalore,0.0
"Maharashtra Cricket Association Stadium, Pune",Delhi Capitals,Gujarat Titans,0.0
"Maharashtra Cricket Association Stadium, Pune",Gujarat Titans,Chennai Super Kings,1.0
"Maharashtra Cricket Association Stadium, Pune",Kolkata Knight Riders,Lucknow Super Giants,0.0
"Maharashtra Cricket Association Stadium, Pune",Kolkata Knight Riders,Mumbai Indians,1.0
"Maharashtra Cricket Association Stadium, Pune",Lucknow Super Giants,Gujarat Titans,0.0
"Maharashtra Cricket Association Stadium, Pune",Mumbai Indians,Punjab Kings,0.0
"Maharashtra Cricket Association Stadium, Pune",Punjab Kings,Lucknow Super Giants,0.0
"Maharashtra Cricket Association Stadium, Pune",Royal Challengers Bangalore,Mumbai Indians,1.0
"Maharashtra Cricket Association Stadium, Pune",Royal Challengers Bangalore,Rajasthan Royals,0.0
"Maharashtra Cricket Association Stadium, Pune",Sunrisers Hyderabad,Chennai Super Kings,0.0
"Maharashtra Cricket Association Stadium, Pune",Sunrisers Hyderabad,Kolkata Knight Riders,0.0
"Maharashtra Cricket Association Stadium, Pune",Sunrisers Hyderabad,Rajasthan Royals,0.0
Narendra Modi Stadium,Chennai Super Kings,Gujarat Titans,0.5
Narendra Modi Stadium,Chennai Super Kings,Rajasthan Royals,0.0
Narendra Modi Stadium,Delhi Capitals,Gujarat Titans,1.0
Narendra Modi Stadium,Delhi Capitals,Kolkata Knight Riders,1.0
Narendra Modi Stadium,Delhi Capitals,Punjab Kings,1.0
Narendra Modi Stadium,Delhi Capitals,Rajasthan Royals,0.5
Narendra Modi Stadium,Delhi Capitals,Royal Challengers Bangalore,0.0
Narendra Modi Stadium,Gujarat Titans,Chennai Super Kings,1.0
Narendra Modi Stadium,Gujarat Titans,Delhi Capitals,0.0
Narendra Modi Stadium,Gujarat Titans,Rajasthan Royals,1.0
Narendra Modi Stadium,Gujarat Titans,Sunrisers Hyderabad,1.0
Narendra Modi Stadium,Kolkata Knight Riders,Gujarat Titans,1.0
Narendra Modi Stadium,Kolkata Knight Riders,Punjab Kings,1.0
Narendra Modi Stadium,Kolkata Knight Riders,Rajasthan Royals,0.0
Narendra Modi Stadium,Kolkata Knight Riders,Sunrisers Hyderabad,1.0
Narendra Modi Stadium,Lucknow Super Giants,Gujarat Titans,0.0
Narendra Modi Stadium,Mumbai Indians,Gujarat Titans,0.0
Narendra Modi Stadium,Mumbai Indians,Rajasthan Royals,0.5
Narendra Modi Stadium,Punjab Kings,Gujarat Titans,1.0
Narendra Modi Stadium,Punjab Kings,Rajasthan Royals,1.0
Narendra Modi Stadium,Rajasthan Royals,Gujarat Titans,1.0
Narendra Modi Stadium,Rajasthan Royals,Royal Challengers Bangalore,1.0
Narendra Modi Stadium,Royal Challengers Bangalore,Gujarat Titans,1.0
Narendra Modi Stadium,Royal Challengers Bangalore,Punjab Kings,0.0
Narendra Modi Stadium,Royal Challengers Bangalore,Rajasthan Royals,1.0
Narendra Modi Stadium,Sunrisers Hyderabad,Gujarat Titans,0.0
Narendra Modi Stadium,Sunrisers Hyderabad,Rajasthan Royals,0.5
Nehru Stadium,Chennai Super Kings,Kochi Tuskers Kerala,0.0
Nehru Stadium,Delhi Capitals,Kochi Tuskers Kerala,1.0
Nehru Stadium,Kolkata Knight Riders,Kochi Tuskers Kerala,0.0
Nehru Stadium,Royal Challengers Bangalore,Kochi Tuskers Kerala,1.0
Nehru Stadium,Sunrisers Hyderabad,Kochi Tuskers Kerala,1.0
New Wanderers Stadium,Chennai Super Kings,Royal Challengers Bangalore,0.0
New Wanderers Stadium,Delhi Capitals,Chennai Super Kings,0.0
New Wanderers Stadium,Delhi Capitals,Royal Challengers Bangalore,0.0
New Wanderers Stadium,Kolkata Knight Riders,Delhi Capitals,0.0
New Wanderers Stadium,Kolkata Knight Riders,Sunrisers Hyderabad,0.0
New Wanderers Stadium,Mumbai Indians,Royal Challengers Bangalore,0.0
New Wanderers Stadium,Punjab Kings,Sunrisers Hyderabad,1.0
New Wanderers Stadium,Sunrisers Hyderabad,Royal Challengers Bangalore,1.0
Newlands,Kolkata Knight Riders,Sunrisers Hyderabad,0.0
Newlands,Mumbai Indians,Chennai Super Kings,1.0
Newlands,Punjab Kings,Delhi Capitals,0.0
Newlands,Rajasthan Royals,Kolkata Knight Riders,1.0
Newlands,Rajasthan Royals,Punjab Kings,0.0
Newlands,Rajasthan Royals,Royal Challengers Bangalore,0.0
Newlands,Sunrisers Hyderabad,Royal Challengers Bangalore,1.0
OUTsurance Oval,Punjab Kings,Delhi Capitals,1.0
OUTsurance Oval,Rajasthan Royals,Delhi Capitals,0.0
Punjab Cricket Association IS Bindra Stadium,Chennai Super Kings,Punjab Kings,0.6
Punjab Cricket Association IS Bindra Stadium,Delhi Capitals,Punjab Kings,0.16666666666666666
Punjab Cricket Association IS Bindra Stadium,Gujarat Lions,Punjab Kings,1.0
Punjab Cricket Association IS Bindra Stadium,Kolkata Knight Riders,Punjab Kings,0.5714285714285714
Punjab Cricket Association IS Bindra Stadium,Mumbai Indians,Punjab Kings,0.5714285714285714
Punjab Cricket Association IS Bindra Stadium,Pune Warriors,Punjab Kings,0.3333333333333333
Punjab Cricket Association IS Bindra Stadium,Punjab Kings,Chennai Super Kings,1.0
Punjab Cricket Association IS Bindra Stadium,Punjab Kings,Delhi Capitals,1.0
Punjab Cricket Association IS Bindra Stadium,Punjab Kings,Mumbai Indians,1.0
Punjab Cricket Association IS Bindra Stadium,Punjab Kings,Sunrisers Hyderabad,1.0
Punjab Cricket Association IS Bindra Stadium,Rajasthan Royals,Punjab Kings,0.42857142857142855
Punjab Cricket Association IS Bindra Stadium,Rising Pune Supergiants,Punjab Kings,0.0
Punjab Cricket Association IS Bindra Stadium,Royal Challengers Bangalore,Punjab Kings,0.5714285714285714
Punjab Cricket Association IS Bindra Stadium,Sunrisers Hyderabad,Punjab Kings,0.5714285714285714
"Punjab Cricket Association IS Bindra Stadium, Mohali, Chandigarh",Gujarat Titans,Punjab Kings,1.0
"Punjab Cricket Association IS Bindra Stadium, Mohali, Chandigarh",Kolkata Knight Riders,Punjab Kings,0.0
"Punjab Cricket Association IS Bindra Stadium, Mohali, Chandigarh",Mumbai Indians,Punjab Kings,1.0
"Punjab Cricket Association IS Bindra Stadium, Mohali, Chandigarh",Punjab Kings,Lucknow Super Giants,0.0
"Punjab Cricket Association IS Bindra Stadium, Mohali, Chandigarh",Punjab Kings,Royal Challengers Bangalore,0.0
"Rajiv Gandhi International Stadium, Uppal",Chennai Super Kings,Mumbai Indians,0.0
"Rajiv Gandhi International Stadium, Uppal",Chennai Super Kings,Sunrisers Hyderabad,0.6666666666666666
"Rajiv Gandhi International Stadium, Uppal",Delhi Capitals,Sunrisers Hyderabad,0.6666666666666666
"Rajiv Gandhi International Stadium, Uppal",Gujarat Lions,Sunrisers Hyderabad,0.0
"Rajiv Gandhi International Stadium, Uppal",Kolkata Knight Riders,Sunrisers Hyderabad,0.7142857142857143
"Rajiv Gandhi International Stadium, Uppal",Mumbai Indians,Sunrisers Hyderabad,0.5714285714285714
"Rajiv Gandhi International Stadium, Uppal",Pune Warriors,Sunrisers Hyderabad,0.5
"Rajiv Gandhi International Stadium, Uppal",Punjab Kings,Sunrisers Hyderabad,0.4
"Rajiv Gandhi International Stadium, Uppal",Rajasthan Royals,Sunrisers Hyderabad,0.5
"Rajiv Gandhi International Stadium, Uppal",Rising Pune Supergiants,Mumbai Indians,0.0
"Rajiv Gandhi International Stadium, Uppal",Rising Pune Supergiants,Sunrisers Hyderabad,1.0
"Rajiv Gandhi International Stadium, Uppal",Royal Challengers Bangalore,Sunrisers Hyderabad,0.2
"Rajiv Gandhi International Stadium, Uppal",Sunrisers Hyderabad,Chennai Super Kings,0.5
"Rajiv Gandhi International Stadium, Uppal",Sunrisers Hyderabad,Delhi Capitals,0.5
"Rajiv Gandhi International Stadium, Uppal",Sunrisers Hyderabad,Kolkata Knight Riders,1.0
"Rajiv Gandhi International Stadium, Uppal",Sunrisers Hyderabad,Mumbai Indians,0.5
"Rajiv Gandhi International Stadium, Uppal",Sunrisers Hyderabad,Rajasthan Royals,1.0
"Rajiv Gandhi International Stadium, Uppal, Hyderabad",Lucknow Super Giants,Sunrisers Hyderabad,1.0
"Rajiv Gandhi International Stadium, Uppal, Hyderabad",Mumbai Indians,Sunrisers Hyderabad,0.0
"Rajiv Gandhi International Stadium, Uppal, Hyderabad",Rajasthan Royals,Sunrisers Hyderabad,0.0
"Rajiv Gandhi International Stadium, Uppal, Hyderabad",Royal Challengers Bangalore,Sunrisers Hyderabad,1.0
"Rajiv Gandhi International Stadium, Uppal, Hyderabad",Sunrisers Hyderabad,Chennai Super Kings,1.0
"Rajiv Gandhi International Stadium, Uppal, Hyderabad",Sunrisers Hyderabad,Delhi Capitals,0.0
"Rajiv Gandhi International Stadium, Uppal, Hyderabad",Sunrisers Hyderabad,Kolkata Knight Riders,0.0
"Rajiv Gandhi International Stadium, Uppal, Hyderabad",Sunrisers Hyderabad,Lucknow Super Giants,1.0
"Rajiv Gandhi International Stadium, Uppal, Hyderabad",Sunrisers Hyderabad,Mumbai Indians,0.0
"Rajiv Gandhi International Stadium, Uppal, Hyderabad",Sunrisers Hyderabad,Punjab Kings,1.0
"Rajiv Gandhi International Stadium, Uppal, Hyderabad",Sunrisers Hyderabad,Rajasthan Royals,0.0
"Rajiv Gandhi International Stadium, Uppal, Hyderabad",Sunrisers Hyderabad,Royal Challengers Bangalore,0.0
Saurashtra Cricket Association Stadium,Delhi Capitals,Gujarat Lions,1.0
Saurashtra Cricket Association Stadium,Kolkata Knight Riders,Gujarat Lions,1.0
Saurashtra Cricket Association Stadium,Mumbai Indians,Gujarat Lions,1.0
Saurashtra Cricket Association Stadium,Punjab Kings,Gujarat Lions,1.0
Saurashtra Cricket Association Stadium,Rising Pune Supergiants,Gujarat Lions,0.0
Saurashtra Cricket Association Stadium,Royal Challengers Bangalore,Gujarat Lions,0.5
Saurashtra Cricket Association Stadium,Sunrisers Hyderabad,Gujarat Lions,1.0
Sawai Mansingh Stadium,Chennai Super Kings,Rajasthan Royals,0.5
Sawai Mansingh Stadium,Delhi Capitals,Rajasthan Royals,0.2857142857142857
Sawai Mansingh Stadium,Gujarat Titans,Rajasthan Royals,1.0
Sawai Mansingh Stadium,Kochi Tuskers Kerala,Rajasthan Royals,0.0
Sawai Mansingh Stadium,Kolkata Knight Riders,Rajasthan Royals,0.5
Sawai Mansingh Stadium,Lucknow Super Giants,Rajasthan Royals,0.0
Sawai Mansingh Stadium,Mumbai Indians,Rajasthan Royals,0.4
Sawai Mansingh Stadium,Pune Warriors,Rajasthan Royals,0.0
Sawai Mansingh Stadium,Punjab Kings,Rajasthan Royals,0.0
Sawai Mansingh Stadium,Rajasthan Royals,Chennai Super Kings,1.0
Sawai Mansingh Stadium,Rajasthan Royals,Lucknow Super Giants,0.0
Sawai Mansingh Stadium,Rajasthan Royals,Mumbai Indians,1.0
Sawai Mansingh Stadium,Rajasthan Royals,Punjab Kings,0.0
Sawai Mansingh Stadium,Rajasthan Royals,Royal Challengers Bangalore,0.6666666666666666
Sawai Mansingh Stadium,Rajasthan Royals,Sunrisers Hyderabad,0.5
Sawai Mansingh Stadium,Royal Challengers Bangalore,Rajasthan Royals,0.5
Sawai Mansingh Stadium,Sunrisers Hyderabad,Rajasthan Royals,0.25
Shaheed Veer Narayan Singh International Stadium,Chennai Super Kings,Delhi Capitals,0.0
Shaheed Veer Narayan Singh International Stadium,Kolkata Knight Riders,Delhi Capitals,0.0
Shaheed Veer Narayan Singh International Stadium,Pune Warriors,Delhi Capitals,0.0
Shaheed Veer Narayan Singh International Stadium,Royal Challengers Bangalore,Delhi Capitals,1.0
Shaheed Veer Narayan Singh International Stadium,Sunrisers Hyderabad,Delhi Capitals,0.5
Sharjah Cricket Stadium,Chennai Super Kings,Rajasthan Royals,0.0
Sharjah Cricket Stadium,Chennai Super Kings,Royal Challengers Bangalore,1.0
Sharjah Cricket Stadium,Chennai Super Kings,Sunrisers Hyderabad,1.0
Sharjah Cricket Stadium,Delhi Capitals,Chennai Super Kings,1.0
Sharjah Cricket Stadium,Delhi Capitals,Mumbai Indians,1.0
Sharjah Cricket Stadium,Kolkata Knight Riders,Delhi Capitals,0.6666666666666666
Sharjah Cricket Stadium,Kolkata Knight Riders,Royal Challengers Bangalore,0.6666666666666666
Sharjah Cricket Stadium,Mumbai Indians,Chennai Super Kings,1.0
Sharjah Cricket Stadium,Mumbai Indians,Delhi Capitals,0.0
Sharjah Cricket Stadium,Mumbai Indians,Rajasthan Royals,1.0
Sharjah Cricket Stadium,Punjab Kings,Kolkata Knight Riders,1.0
Sharjah Cricket Stadium,Punjab Kings,Rajasthan Royals,1.0
Sharjah Cricket Stadium,Punjab Kings,Royal Challengers Bangalore,0.5
Sharjah Cricket Stadium,Rajasthan Royals,Delhi Capitals,0.0
Sharjah Cricket Stadium,Rajasthan Royals,Kolkata Knight Riders,0.0
Sharjah Cricket Stadium,Rajasthan Royals,Punjab Kings,1.0
Sharjah Cricket Stadium,Royal Challengers Bangalore,Delhi Capitals,1.0
Sharjah Cricket Stadium,Sunrisers Hyderabad,Mumbai Indians,0.5
Sharjah Cricket Stadium,Sunrisers Hyderabad,Punjab Kings,0.0
Sharjah Cricket Stadium,Sunrisers Hyderabad,Royal Challengers Bangalore,1.0
Sheikh Zayed Stadium,Chennai Super Kings,Kolkata Knight Riders,0.0
Sheikh Zayed Stadium,Chennai Super Kings,Mumbai Indians,1.0
Sheikh Zayed Stadium,Chennai Super Kings,Punjab Kings,1.0
Sheikh Zayed Stadium,Delhi Capitals,Chennai Super Kings,0.0
Sheikh Zayed Stadium,Delhi Capitals,Kolkata Knight Riders,0.0
Sheikh Zayed Stadium,Delhi Capitals,Royal Challengers Bangalore,1.0
Sheikh Zayed Stadium,Delhi Capitals,Sunrisers Hyderabad,0.0
Sheikh Zayed Stadium,Kolkata Knight Riders,Mumbai Indians,0.5
Sheikh Zayed Stadium,Kolkata Knight Riders,Sunrisers Hyderabad,1.0
Sheikh Zayed Stadium,Mumbai Indians,Delhi Capitals,1.0
Sheikh Zayed Stadium,Mumbai Indians,Kolkata Knight Riders,1.0
Sheikh Zayed Stadium,Mumbai Indians,Royal Challengers Bangalore,1.0
Sheikh Zayed Stadium,Punjab Kings,Chennai Super Kings,1.0
Sheikh Zayed Stadium,Punjab Kings,Kolkata Knight Riders,0.5
Sheikh Zayed Stadium,Punjab Kings,Mumbai Indians,0.0
Sheikh Zayed Stadium,Rajasthan Royals,Chennai Super Kings,1.0
Sheikh Zayed Stadium,Rajasthan Royals,Kolkata Knight Riders,1.0
Sheikh Zayed Stadium,Rajasthan Royals,Mumbai Indians,0.5
Sheikh Zayed Stadium,Rajasthan Royals,Punjab Kings,1.0
Sheikh Zayed Stadium,Rajasthan Royals,Sunrisers Hyderabad,1.0
Sheikh Zayed Stadium,Royal Challengers Bangalore,Kolkata Knight Riders,1.0
Sheikh Zayed Stadium,Royal Challengers Bangalore,Rajasthan Royals,0.5
Sheikh Zayed Stadium,Sunrisers Hyderabad,Delhi Capitals,0.0
Sheikh Zayed Stadium,Sunrisers Hyderabad,Kolkata Knight Riders,0.0
Sheikh Zayed Stadium,Sunrisers Hyderabad,Royal Challengers Bangalore,1.0
St George's Park,Chennai Super Kings,Royal Challengers Bangalore,1.0
St George's Park,Delhi Capitals,Royal Challengers Bangalore,1.0
St George's Park,Kolkata Knight Riders,Punjab Kings,0.0
St George's Park,Mumbai Indians,Chennai Super Kings,0.0
St George's Park,Mumbai Indians,Kolkata Knight Riders,1.0
St George's Park,Mumbai Indians,Royal Challengers Bangalore,1.0
St George's Park,Rajasthan Royals,Sunrisers Hyderabad,1.0
Subrata Roy Sahara Stadium,Chennai Super Kings,Pune Warriors,0.5
Subrata Roy Sahara Stadium,Delhi Capitals,Pune Warriors,0.5
Subrata Roy Sahara Stadium,Kolkata Knight Riders,Delhi Capitals,1.0
Subrata Roy Sahara Stadium,Kolkata Knight Riders,Pune Warriors,1.0
Subrata Roy Sahara Stadium,Mumbai Indians,Pune Warriors,1.0
Subrata Roy Sahara Stadium,Punjab Kings,Pune Warriors,0.5
Subrata Roy Sahara Stadium,Rajasthan Royals,Pune Warriors,0.5
Subrata Roy Sahara Stadium,Royal Challengers Bangalore,Pune Warriors,1.0
Subrata Roy Sahara Stadium,Sunrisers Hyderabad,Pune Warriors,1.0
SuperSport Park,Delhi Capitals,Sunrisers Hyderabad,1.0
SuperSport Park,Kolkata Knight Riders,Chennai Super Kings,1.0
SuperSport Park,Kolkata Knight Riders,Royal Challengers Bangalore,0.0
SuperSport Park,Mumbai Indians,Delhi Capitals,0.0
SuperSport Park,Mumbai Indians,Punjab Kings,1.0
SuperSport Park,Mumbai Indians,Sunrisers Hyderabad,0.0
SuperSport Park,Punjab Kings,Chennai Super Kings,0.0
SuperSport Park,Rajasthan Royals,Chennai Super Kings,0.0
SuperSport Park,Rajasthan Royals,Delhi Capitals,1.0
SuperSport Park,Rajasthan Royals,Royal Challengers Bangalore,1.0
SuperSport Park,Sunrisers Hyderabad,Delhi Capitals,1.0
SuperSport Park,Sunrisers Hyderabad,Royal Challengers Bangalore,0.0
"Vidarbha Cricket Association Stadium, Jamtha",Chennai Super Kings,Sunrisers Hyderabad,0.0
"Vidarbha Cricket Association Stadium, Jamtha",Rajasthan Royals,Sunrisers Hyderabad,1.0
"Vidarbha Cricket Association Stadium, Jamtha",Royal Challengers Bangalore,Sunrisers Hyderabad,0.0
Wankhede Stadium,Chennai Super Kings,Mumbai Indians,0.4444444444444444
Wankhede Stadium,Chennai Super Kings,Punjab Kings,0.5
Wankhede Stadium,Chennai Super Kings,Royal Challengers Bangalore,1.0
Wankhede Stadium,Chennai Super Kings,Sunrisers Hyderabad,1.0
Wankhede Stadium,Delhi Capitals,Chennai Super Kings,1.0
Wankhede Stadium,Delhi Capitals,Kolkata Knight Riders,1.0
Wankhede Stadium,Delhi Capitals,Lucknow Super Giants,0.0
Wankhede Stadium,Delhi Capitals,Mumbai Indians,0.25
Wankhede Stadium,Delhi Capitals,Punjab Kings,1.0
Wankhede Stadium,Delhi Capitals,Rajasthan Royals,0.0
Wankhede Stadium,Delhi Capitals,Royal Challengers Bangalore,0.0
Wankhede Stadium,Gujarat Lions,Mumbai Indians,0.5
Wankhede Stadium,Gujarat Titans,Chennai Super Kings,1.0
Wankhede Stadium,Gujarat Titans,Lucknow Super Giants,1.0
Wankhede Stadium,Gujarat Titans,Mumbai Indians,0.0
Wankhede Stadium,Gujarat Titans,Sunrisers Hyderabad,1.0
Wankhede Stadium,Kochi Tuskers Kerala,Mumbai Indians,1.0
Wankhede Stadium,Kolkata Knight Riders,Chennai Super Kings,0.5
Wankhede Stadium,Kolkata Knight Riders,Mumbai Indians,0.125
Wankhede Stadium,Kolkata Knight Riders,Punjab Kings,1.0
Wankhede Stadium,Kolkata Knight Riders,Rajasthan Royals,1.0
Wankhede Stadium,Lucknow Super Giants,Rajasthan Royals,0.0
Wankhede Stadium,Mumbai Indians,Chennai Super Kings,0.6666666666666666
Wankhede Stadium,Mumbai Indians,Delhi Capitals,0.5
Wankhede Stadium,Mumbai Indians,Kolkata Knight Riders,0.6666666666666666
Wankhede Stadium,Mumbai Indians,Lucknow Super Giants,0.0
Wankhede Stadium,Mumbai Indians,Punjab Kings,0.5
Wankhede Stadium,Mumbai Indians,Rajasthan Royals,1.0
Wankhede Stadium,Mumbai Indians,Royal Challengers Bangalore,1.0
Wankhede Stadium,Mumbai Indians,Sunrisers Hyderabad,0.5
Wankhede Stadium,Pune Warriors,Mumbai Indians,0.3333333333333333
Wankhede Stadium,Punjab Kings,Chennai Super Kings,0.5
Wankhede Stadium,Punjab Kings,Mumbai Indians,0.5
Wankhede Stadium,Punjab Kings,Sunrisers Hyderabad,1.0
Wankhede Stadium,Rajasthan Royals,Chennai Super Kings,0.0
Wankhede Stadium,Rajasthan Royals,Delhi Capitals,1.0
Wankhede Stadium,Rajasthan Royals,Kolkata Knight Riders,1.0
Wankhede Stadium,Rajasthan Royals,Mumbai Indians,0.5
Wankhede Stadium,Rajasthan Royals,Punjab Kings,0.5
Wankhede Stadium,Rising Pune Supergiants,Mumbai Indians,1.0
Wankhede Stadium,Royal Challengers Bangalore,Chennai Super Kings,0.0
Wankhede Stadium,Royal Challengers Bangalore,Gujarat Titans,1.0
Wankhede Stadium,Royal Challengers Bangalore,Mumbai Indians,0.375
Wankhede Stadium,Royal Challengers Bangalore,Rajasthan Royals,1.0
Wankhede Stadium,Sunrisers Hyderabad,Mumbai Indians,0.16666666666666666
Wankhede Stadium,Sunrisers Hyderabad,Royal Challengers Bangalore,0.0
"Zayed Cricket Stadium, Abu Dhabi",Chennai Super Kings,Kolkata Knight Riders,1.0
"Zayed Cricket Stadium, Abu Dhabi",Kolkata Knight Riders,Mumbai Indians,1.0
"Zayed Cricket Stadium, Abu Dhabi",Kolkata Knight Riders,Royal Challengers Bangalore,1.0
"Zayed Cricket Stadium, Abu Dhabi",Mumbai Indians,Punjab Kings,1.0
"Zayed Cricket Stadium, Abu Dhabi",Rajasthan Royals,Chennai Super Kings,1.0
"Zayed Cricket Stadium, Abu Dhabi",Rajasthan Royals,Delhi Capitals,0.0
"Zayed Cricket Stadium, Abu Dhabi",Royal Challengers Bangalore,Sunrisers Hyderabad,0.0
"Zayed Cricket Stadium, Abu Dhabi",Sunrisers Hyderabad,Mumbai Indians,0.0
